{
  "openweathermap": {
    "description": "Exemplo de resposta da API OpenWeatherMap",
    "endpoint": "https://api.openweathermap.org/data/2.5/weather",
    "params": {
      "lat": -22.9068,
      "lon": -43.1729,
      "appid": "YOUR_API_KEY",
      "units": "metric",
      "lang": "pt_br"
    },
    "response": {
      "coord": {
        "lon": -43.1729,
        "lat": -22.9068
      },
      "weather": [
        {
          "id": 800,
          "main": "Clear",
          "description": "céu limpo",
          "icon": "01d"
        }
      ],
      "base": "stations",
      "main": {
        "temp": 24.5,
        "feels_like": 24.8,
        "temp_min": 23.2,
        "temp_max": 26.1,
        "pressure": 1013,
        "humidity": 65
      },
      "visibility": 10000,
      "wind": {
        "speed": 3.5,
        "deg": 180
      },
      "clouds": {
        "all": 0
      },
      "dt": 1699718400,
      "sys": {
        "type": 1,
        "id": 8393,
        "country": "BR",
        "sunrise": 1699688400,
        "sunset": 1699734000
      },
      "timezone": -10800,
      "id": 3448439,
      "name": "São Paulo",
      "cod": 200
    }
  },
  "openmeteo": {
    "description": "Exemplo de resposta da API Open-Meteo (Fallback - Grátis)",
    "endpoint": "https://api.open-meteo.com/v1/forecast",
    "params": {
      "latitude": -22.9068,
      "longitude": -43.1729,
      "current_weather": true,
      "timezone": "America/Sao_Paulo"
    },
    "response": {
      "latitude": -22.9,
      "longitude": -43.2,
      "generationtime_ms": 0.12,
      "utc_offset_seconds": -10800,
      "timezone": "America/Sao_Paulo",
      "timezone_abbreviation": "BRT",
      "elevation": 760.0,
      "current_weather": {
        "temperature": 24.5,
        "windspeed": 12.6,
        "winddirection": 180,
        "weathercode": 0,
        "is_day": 1,
        "time": "2025-11-11T14:00"
      }
    }
  },
  "weatherCodes": {
    "description": "Mapeamento de códigos de clima da Open-Meteo",
    "codes": {
      "0": {
        "pt": "Céu limpo",
        "en": "Clear sky",
        "icon": "sun"
      },
      "1": {
        "pt": "Principalmente limpo",
        "en": "Mainly clear",
        "icon": "cloud-sun"
      },
      "2": {
        "pt": "Parcialmente nublado",
        "en": "Partly cloudy",
        "icon": "cloud"
      },
      "3": {
        "pt": "Nublado",
        "en": "Overcast",
        "icon": "cloud"
      },
      "45": {
        "pt": "Neblina",
        "en": "Fog",
        "icon": "fog"
      },
      "48": {
        "pt": "Névoa com geada",
        "en": "Depositing rime fog",
        "icon": "fog"
      },
      "51": {
        "pt": "Garoa leve",
        "en": "Light drizzle",
        "icon": "cloud-rain"
      },
      "53": {
        "pt": "Garoa moderada",
        "en": "Moderate drizzle",
        "icon": "cloud-rain"
      },
      "55": {
        "pt": "Garoa densa",
        "en": "Dense drizzle",
        "icon": "cloud-rain"
      },
      "61": {
        "pt": "Chuva leve",
        "en": "Slight rain",
        "icon": "cloud-rain"
      },
      "63": {
        "pt": "Chuva moderada",
        "en": "Moderate rain",
        "icon": "cloud-rain"
      },
      "65": {
        "pt": "Chuva forte",
        "en": "Heavy rain",
        "icon": "cloud-rain"
      },
      "71": {
        "pt": "Neve leve",
        "en": "Slight snow fall",
        "icon": "cloud-snow"
      },
      "73": {
        "pt": "Neve moderada",
        "en": "Moderate snow fall",
        "icon": "cloud-snow"
      },
      "75": {
        "pt": "Neve forte",
        "en": "Heavy snow fall",
        "icon": "cloud-snow"
      },
      "80": {
        "pt": "Pancadas de chuva leves",
        "en": "Slight rain showers",
        "icon": "cloud-rain"
      },
      "81": {
        "pt": "Pancadas de chuva moderadas",
        "en": "Moderate rain showers",
        "icon": "cloud-rain"
      },
      "82": {
        "pt": "Pancadas de chuva fortes",
        "en": "Violent rain showers",
        "icon": "cloud-rain"
      },
      "95": {
        "pt": "Tempestade",
        "en": "Thunderstorm",
        "icon": "cloud-lightning"
      }
    }
  },
  "sampleCities": {
    "description": "Coordenadas de cidades brasileiras para teste",
    "cities": [
      {
        "name": "São Paulo",
        "lat": -22.9068,
        "lon": -43.1729
      },
      {
        "name": "Rio de Janeiro",
        "lat": -22.9035,
        "lon": -43.2096
      },
      {
        "name": "Brasília",
        "lat": -15.8267,
        "lon": -47.9218
      },
      {
        "name": "Salvador",
        "lat": -12.9714,
        "lon": -38.5014
      },
      {
        "name": "Fortaleza",
        "lat": -3.7172,
        "lon": -38.5433
      },
      {
        "name": "Belo Horizonte",
        "lat": -19.9167,
        "lon": -43.9345
      },
      {
        "name": "Manaus",
        "lat": -3.1190,
        "lon": -60.0217
      },
      {
        "name": "Curitiba",
        "lat": -25.4284,
        "lon": -49.2733
      },
      {
        "name": "Recife",
        "lat": -8.0476,
        "lon": -34.8770
      },
      {
        "name": "Porto Alegre",
        "lat": -30.0346,
        "lon": -51.2177
      }
    ]
  },
  "translation": {
    "description": "Traduções de condições meteorológicas EN -> PT",
    "conditions": {
      "clear sky": "Céu limpo",
      "few clouds": "Poucas nuvens",
      "scattered clouds": "Nuvens dispersas",
      "broken clouds": "Nublado",
      "overcast clouds": "Nublado",
      "light rain": "Chuva leve",
      "moderate rain": "Chuva moderada",
      "heavy rain": "Chuva forte",
      "rain": "Chuva",
      "drizzle": "Garoa",
      "thunderstorm": "Tempestade",
      "snow": "Neve",
      "mist": "Neblina",
      "fog": "Névoa",
      "haze": "Névoa",
      "smoke": "Fumaça",
      "dust": "Poeira",
      "sand": "Areia"
    }
  },
  "figmaIntegration": {
    "description": "Configuração para integração com Figma Design System",
    "frameStructure": {
      "mainFrame": "WeatherPanel",
      "textFields": {
        "temp_text": "Temperatura (ex: 24°)",
        "condition_text": "Condição do clima (ex: Céu limpo)",
        "city_text": "Nome da cidade (ex: São Paulo)",
        "humidity_text": "Umidade (ex: 65%)"
      },
      "iconField": "weather_icon",
      "updateInterval": "5min",
      "autoLayout": {
        "direction": "vertical",
        "spacing": 16,
        "padding": 24
      }
    },
    "designTokens": {
      "colors": {
        "background": "rgba(255, 255, 255, 0.8)",
        "primary": "#2563EB",
        "secondary": "#6B7280",
        "text": "#1F2937",
        "border": "#E5E7EB"
      },
      "typography": {
        "fontFamily": "Poppins",
        "sizes": {
          "temp": "56px",
          "city": "18px",
          "condition": "16px",
          "details": "14px",
          "footer": "11px"
        },
        "weights": {
          "regular": 400,
          "semibold": 600,
          "bold": 700
        }
      },
      "spacing": {
        "xs": "4px",
        "sm": "8px",
        "md": "16px",
        "lg": "24px",
        "xl": "32px"
      },
      "borderRadius": {
        "sm": "8px",
        "md": "12px",
        "lg": "16px",
        "xl": "24px"
      },
      "shadows": {
        "sm": "0 1px 2px rgba(0, 0, 0, 0.05)",
        "md": "0 4px 6px rgba(0, 0, 0, 0.1)",
        "lg": "0 10px 15px rgba(0, 0, 0, 0.1)"
      }
    }
  }
}
