{
  "CIN": {
    "nome_completo": "Carteira de Identidade Nacional",
    "versao": "1.0",
    "ultima_atualizacao": "2025-11-14",
    
    "frente": {
      "identificadores_visuais": [
        "REPÚBLICA FEDERATIVA DO BRASIL",
        "GOVERNO FEDERAL",
        "Unidade da Federação",
        "Secretaria de Segurança daUnidade da Federação",
        "CARTEIRA DE IDENTIDADE"
      ],
      
      "campos_obrigatorios": {
        "nome": {
          "label": "Nome / Name",
          "tipo": "texto",
          "formato": "maiusculo",
          "validacao": "^[A-ZÀ-Ú\\s]+$",
          "min_length": 5,
          "exemplo": "NONONONONO NONONONONONONONONONONONONO"
        },
        "nome_social": {
          "label": "Nome Social / Social Name",
          "tipo": "texto",
          "obrigatorio": false,
          "formato": "maiusculo",
          "validacao": "^[A-ZÀ-Ú\\s]+$"
        },
        "cpf": {
          "label": "Registro Geral CPF / Personal Number",
          "tipo": "cpf",
          "formato": "XXX.XXX.XXX-XX",
          "validacao": "\\d{3}\\.\\d{3}\\.\\d{3}-\\d{2}",
          "exemplo": "000.000.000-00"
        },
        "data_nascimento": {
          "label": "Data de Nasc. / Date of Birth",
          "tipo": "data",
          "formato": "DD/MM/AAAA",
          "validacao": "\\d{2}\\/\\d{2}\\/\\d{4}"
        },
        "naturalidade": {
          "label": "Naturalidade / Place of Birth",
          "tipo": "texto",
          "formato": "maiusculo",
          "exemplo": "NONONONONONONO"
        },
        "data_validade": {
          "label": "Data de Validade / Date of Expiry",
          "tipo": "data",
          "formato": "DD/MM/AAAA",
          "validacao": "\\d{2}\\/\\d{2}\\/\\d{4}"
        }
      },
      
      "elementos_visuais": {
        "foto": {
          "posicao": "superior_esquerda",
          "tamanho_aproximado": "3x4cm",
          "detectavel": true
        },
        "brasao": {
          "posicao": "superior_esquerdo",
          "tipo": "brasao_republica"
        },
        "cor_fundo": "gradiente_verde_azul",
        "marca_dagua": true,
        "texto_lateral": "VALIDA EM TODO O TERRITÓRIO NACIONAL"
      }
    },
    
    "verso": {
      "identificadores_visuais": [
        "Filiação / Filiation",
        "Órgão Expedidor / Card Issuer",
        "Local / Place of Issue",
        "Data de Emissão / Issue Date"
      ],
      
      "campos_obrigatorios": {
        "filiacao": {
          "label": "Filiação / Filiation",
          "tipo": "texto_multiplo",
          "campos": ["nome_mae", "nome_pai"],
          "formato": "maiusculo",
          "exemplo": "NONONONONO NONONONONONONONONONONONONO"
        },
        "orgao_expedidor": {
          "label": "Órgão Expedidor / Card Issuer",
          "tipo": "texto",
          "formato": "maiusculo",
          "exemplo": "NONONONONO NONONONO..."
        },
        "local_emissao": {
          "label": "Local / Place of Issue",
          "tipo": "texto_com_sigla",
          "formato": "CIDADE/UF",
          "validacao": "[A-ZÀ-Ú\\s]+\\s*\\/\\s*[A-Z]{2}",
          "exemplo": "NONONONONO / NO"
        },
        "data_emissao": {
          "label": "Data de Emissão / Issue Date",
          "tipo": "data",
          "formato": "DD/MM/AAAA",
          "validacao": "\\d{2}\\/\\d{2}\\/\\d{4}"
        }
      },
      
      "elementos_visuais": {
        "qr_code": {
          "posicao": "superior_esquerdo",
          "tipo": "data_matrix",
          "conteudo": "dados_codificados"
        },
        "assinatura": {
          "posicao": "centro",
          "label": "Assinatura do Titular / Cardholder's Signature"
        },
        "icones_acessibilidade": {
          "posicao": "rodape",
          "tipos": ["cadeirante", "gravida", "idoso", "mulher", "crianca"]
        },
        "texto_lateral": "VALIDA EM TODO O TERRITÓRIO NACIONAL",
        "numero_serie": {
          "posicao": "rodape_inferior",
          "formato": "USE1EN°X XXX DE XX DE XXXXX DE XXXX",
          "exemplo": "USE1EN°7 116 DE 29 DE AGOSTO DE 1983"
        }
      }
    },
    
    "regras_validacao": {
      "campos_essenciais_frente": ["nome", "cpf", "data_nascimento"],
      "campos_essenciais_verso": ["filiacao", "data_emissao"],
      "compatibilidade": {
        "cpf": "deve_estar_presente_frente",
        "data_nascimento": "deve_ser_anterior_data_emissao",
        "data_validade": "deve_ser_posterior_data_emissao"
      }
    },
    
    "padroes_extracao": {
      "nome": {
        "regex": [
          "(?:Nome|Name)[:\\s]*([A-ZÀ-Ú\\s]{5,})",
          "Nome\\/Name[\\s\\n]+([A-ZÀ-Ú\\s]+)"
        ],
        "limpeza": ["NONONO", "Nome / Name", "Nome/Name"]
      },
      "cpf": {
        "regex": [
          "(?:CPF|Personal Number)[:\\s]*(\\d{3}\\.\\d{3}\\.\\d{3}-\\d{2})",
          "(\\d{3}\\.\\d{3}\\.\\d{3}-\\d{2})"
        ]
      },
      "filiacao": {
        "regex": [
          "(?:Filiação|Filiation)[:\\s\\n]*([A-ZÀ-Ú\\s]+)",
          "(?:Mãe|MAE|Mother)[:\\s]*([A-ZÀ-Ú\\s]{5,})",
          "(?:Pai|PAI|Father)[:\\s]*([A-ZÀ-Ú\\s]{5,})"
        ]
      },
      "orgao_expedidor": {
        "regex": [
          "(?:Órgão Expedidor|ORGAO EXPEDIDOR|Card Issuer)[:\\s]*([A-ZÀ-Ú0-9\\s\\/\\-]{3,})"
        ]
      },
      "local_emissao": {
        "regex": [
          "(?:Local|Place of Issue)[:\\s]*([A-ZÀ-Ú\\s\\/]+)(?:\\s*\\/\\s*([A-Z]{2}))?",
          "(?:LOCAL DE EMISSÃO|LOCAL EMISSAO)[:\\s]*([A-ZÀ-Ú\\s\\/]+)"
        ]
      }
    },
    
    "exemplos_reais": {
      "status": "aguardando_aprovacao",
      "modelo_gabarito": "CIN_frente_verso_NONONO.jpg",
      "dados_esperados": {
        "frente": {
          "nome": "NONONONONO NONONONONONONONONONONONONO",
          "cpf": "000.000.000-00",
          "data_nascimento": "DD/MM/AAAA",
          "naturalidade": "NONONONONO",
          "data_validade": "DD/MM/AAAA"
        },
        "verso": {
          "filiacao": ["NONONONONO...", "NONONONONO..."],
          "orgao_expedidor": "NONONONONO...",
          "local_emissao": "NONONONONO / NO",
          "data_emissao": "DD/MM/AAAA"
        }
      }
    },
    
    "notas": [
      "CIN é documento federal padronizado",
      "Layout único em todo território nacional",
      "Substitui gradualmente RG estaduais",
      "Sempre tem foto na frente",
      "QR Code no verso contém dados codificados",
      "Texto em português e inglês (bilíngue)",
      "Marca d'água e elementos de segurança"
    ]
  },
  
  "RG": {
    "nome_completo": "Registro Geral - Carteira de Identidade",
    "versao": "1.0",
    "ultima_atualizacao": "2025-11-14",
    "padrao": "NACIONAL",
    "observacao": "Mesmo modelo usado em todos os estados, apenas muda o cabeçalho com nome do estado emissor",
    
    "frente": {
      "identificadores_visuais": [
        "REPÚBLICA FEDERATIVA DO BRASIL",
        "ESTADO DO [NOME_ESTADO]",
        "SECRETARIA DE ESTADO DE SEGURANÇA PÚBLICA",
        "POLÍCIA CIVIL",
        "CARTEIRA DE IDENTIDADE"
      ],
      
      "variacoes_estaduais": {
        "cabecalho_dinamico": "ESTADO DO ESPÍRITO SANTO | ESTADO DE MATO GROSSO | ESTADO DE SÃO PAULO | etc",
        "orgao_emissor_variacoes": ["SSP", "SPTC", "SSPDS", "PC", "DETRAN", "SPIC"]
      },
      
      "campos_obrigatorios": {
        "rg": {
          "label": "REGISTRO GERAL",
          "tipo": "numero_rg",
          "formato": "XXXXXXX-X ou XXXXXXXX-X",
          "validacao": "\\d{7,8}-\\d{1}",
          "exemplo": "2725656-1",
          "posicao": "superior_verso"
        },
        "nome": {
          "label": "NOME",
          "tipo": "texto",
          "formato": "maiusculo",
          "validacao": "^[A-ZÀ-Ú\\s]+$",
          "min_length": 5,
          "exemplo": "WERICK VAZ DOS SANTOS",
          "posicao": "verso_linha_2"
        },
        "data_nascimento": {
          "label": "DATA DE NASCIMENTO",
          "tipo": "data",
          "formato": "DD/MM/AAAA",
          "validacao": "\\d{2}\\/\\d{2}\\/\\d{4}",
          "exemplo": "25/01/2000",
          "posicao": "verso_direita"
        },
        "naturalidade": {
          "label": "NATURALIDADE",
          "tipo": "texto_com_uf",
          "formato": "CIDADE UF",
          "validacao": "[A-ZÀ-Ú\\s]+\\s+[A-Z]{2}",
          "exemplo": "CAMPO VERDE MT",
          "posicao": "verso_esquerda"
        }
      },
      
      "campos_opcionais": {
        "cpf": {
          "label": "CPF",
          "tipo": "cpf",
          "formato": "XXX.XXX.XXX-XX",
          "posicao": "verso_geralmente",
          "nota": "Nem todos os RG antigos têm CPF"
        }
      },
      
      "elementos_visuais": {
        "foto": {
          "posicao": "direita_superior_frente",
          "tamanho_aproximado": "3x4cm",
          "detectavel": true,
          "obrigatorio": true
        },
        "digital": {
          "posicao": "esquerda_frente",
          "tipo": "impressao_digital",
          "presente": true
        },
        "assinatura_titular": {
          "posicao": "inferior_frente",
          "label": "ASSINATURA DO TITULAR"
        },
        "cor_fundo": "verde_claro",
        "marca_dagua": true,
        "texto_superior": "VALIDA EM TODO O TERRITÓRIO NACIONAL"
      }
    },
    
    "verso": {
      "identificadores_visuais": [
        "REGISTRO GERAL",
        "DATA DE EXPEDIÇÃO",
        "NOME",
        "NATURALIDADE",
        "DATA DE NASCIMENTO"
      ],
      
      "campos_obrigatorios": {
        "filiacao_pai": {
          "label": "Filiação - Pai",
          "tipo": "texto",
          "formato": "maiusculo",
          "validacao": "^[A-ZÀ-Ú\\s]+$",
          "exemplo": "JOSE VAZ DOS REIS",
          "posicao": "linha_3"
        },
        "filiacao_mae": {
          "label": "Filiação - Mãe",
          "tipo": "texto",
          "formato": "maiusculo",
          "validacao": "^[A-ZÀ-Ú\\s]+$",
          "exemplo": "LUCENIL DOS SANTOS",
          "posicao": "linha_4"
        },
        "data_expedicao": {
          "label": "DATA DE EXPEDIÇÃO",
          "tipo": "data",
          "formato": "DD/MM/AAAA",
          "validacao": "\\d{2}\\/\\d{2}\\/\\d{4}",
          "exemplo": "03/11/2017",
          "posicao": "superior_direita"
        },
        "doc_origem": {
          "label": "Doc. Origem",
          "tipo": "texto",
          "formato": "texto_livre",
          "exemplo": "G. NASC. LIV. A 005 FLS. 89 CAMPO VERDE MT",
          "posicao": "meio_inferior",
          "nota": "Geralmente Certidão de Nascimento ou documento anterior"
        }
      },
      
      "campos_opcionais": {
        "observacoes": {
          "label": "Observações",
          "tipo": "texto",
          "formato": "asteriscos_quando_vazio",
          "exemplo": "* * * * * *",
          "nota": "Campo para anotações especiais, geralmente vazio"
        }
      },
      
      "elementos_visuais": {
        "assinatura_diretor": {
          "posicao": "inferior_centro",
          "label": "Assinatura do Diretor/Autoridade"
        },
        "lei_rodape": {
          "posicao": "rodape_inferior",
          "texto": "LEI Nº 7.116 DE 29/08/88",
          "nota": "Lei que regulamenta RG no Brasil"
        },
        "texto_superior": "VALIDA EM TODO O TERRITÓRIO NACIONAL"
      }
    },
    
    "regras_validacao": {
      "campos_essenciais_frente": ["foto", "digital"],
      "campos_essenciais_verso": ["rg", "nome", "data_nascimento", "filiacao_mae", "data_expedicao"],
      "compatibilidade": {
        "data_nascimento": "deve_ser_anterior_data_expedicao",
        "naturalidade": "deve_conter_cidade_e_uf",
        "rg": "formato_com_digito_verificador"
      }
    },
    
    "padroes_extracao": {
      "rg": {
        "regex": [
          "(?:REGISTRO GERAL)[:\\s]*(\\d{7,8}\\s*[-–]\\s*\\d{1})",
          "(\\d{7,8}\\s*[-–]\\s*\\d{1})"
        ],
        "limpeza": ["REGISTRO GERAL", "RG"]
      },
      "nome": {
        "regex": [
          "(?:NOME)[:\\s\\n]*([A-ZÀ-Ú\\s]{5,})",
          "^([A-ZÀ-Ú]{3,}(?:\\s+[A-ZÀ-Ú]{3,})+)$"
        ],
        "limpeza": ["NOME"]
      },
      "filiacao": {
        "regex": [
          "^([A-ZÀ-Ú]{3,}(?:\\s+[A-ZÀ-Ú]{2,})+)$",
          "(?:Filiação)[:\\s\\n]*([A-ZÀ-Ú\\s]+)"
        ],
        "nota": "Geralmente duas linhas consecutivas após campo NOME"
      },
      "data_expedicao": {
        "regex": [
          "(?:DATA DE EXPEDIÇÃO|EXPEDIÇÃO)[:\\s]*(\\d{2}\\/\\d{2}\\/\\d{4})",
          "(\\d{2}\\/\\d{2}\\/\\d{4})"
        ]
      },
      "naturalidade": {
        "regex": [
          "(?:NATURALIDADE)[:\\s]*([A-ZÀ-Ú\\s]+\\s+[A-Z]{2})",
          "([A-ZÀ-Ú\\s]+\\s+[A-Z]{2})\\s*(?:DATA)"
        ]
      },
      "data_nascimento": {
        "regex": [
          "(?:DATA DE NASCIMENTO|NASCIMENTO)[:\\s]*(\\d{2}\\/\\d{2}\\/\\d{4})"
        ]
      }
    },
    
    "exemplos_reais": {
      "status": "aprovado",
      "modelo_gabarito": "RG_MT_frente_verso.jpg",
      "dados_extraidos": {
        "verso": {
          "rg": "2725656-1",
          "data_expedicao": "03/11/2017",
          "nome": "WERICK VAZ DOS SANTOS",
          "filiacao_pai": "JOSE VAZ DOS REIS",
          "filiacao_mae": "LUCENIL DOS SANTOS",
          "naturalidade": "CAMPO VERDE MT",
          "data_nascimento": "25/01/2000",
          "doc_origem": "G. NASC. LIV. A 005 FLS. 89 CAMPO VERDE MT",
          "observacoes": "* * * * * *"
        }
      }
    },
    
    "notas": [
      "RG é documento ESTADUAL com padrão NACIONAL",
      "Layout idêntico em todos os estados",
      "Apenas cabeçalho muda (nome do estado)",
      "Órgão emissor varia: SSP, SPTC, PC, DETRAN, etc",
      "Foto obrigatória na FRENTE",
      "Digital (impressão digital) presente na FRENTE",
      "Filiação (pai e mãe) sempre no VERSO",
      "Sendo gradualmente substituído pela CIN",
      "Lei 7.116/88 regulamenta o RG",
      "Válido em todo território nacional"
    ]
  },
  
  "OAB": {
    "nome_completo": "Carteira de Identidade de Advogado - OAB",
    "versao": "1.0",
    "ultima_atualizacao": "2025-11-15",
    "padrao": "NACIONAL",
    "observacao": "Serve como identidade profissional E documento civil com fé pública",
    
    "frente": {
      "identificadores_visuais": [
        "ORDEM DOS ADVOGADOS DO BRASIL",
        "CONSELHO SECCIONAL",
        "TEM FÉ PÚBLICA EM TODO O TERRITÓRIO NACIONAL",
        "Brasão OAB",
        "Chip (cartão inteligente)",
        "Código de barras"
      ],
      
      "campos_obrigatorios": {
        "numero_oab": {
          "label": "Número OAB",
          "tipo": "numero",
          "posicao": "superior_direito",
          "formato": "XXXXXXXX",
          "exemplo": "11994110"
        },
        "foto": {
          "label": "Foto 3x4",
          "tipo": "imagem",
          "posicao": "centro",
          "detectavel": true,
          "obrigatorio": true
        },
        "assinatura_portador": {
          "label": "Assinatura do Portador",
          "tipo": "assinatura",
          "posicao": "inferior_centro"
        }
      },
      
      "elementos_visuais": {
        "chip": {
          "posicao": "direita_superior",
          "tipo": "smart_card",
          "presente_modelos_recentes": true
        },
        "codigo_barras": {
          "posicao": "inferior",
          "tipo": "barcode"
        },
        "logo_oab": {
          "posicao": "superior_direita",
          "tipo": "logo"
        },
        "texto_lateral": "ORDEM DOS ADVOGADOS DO BRASIL (vertical)",
        "cor_fundo": "rosa_vermelho_degrade"
      }
    },
    
    "verso": {
      "identificadores_visuais": [
        "ORDEM DOS ADVOGADOS DO BRASIL",
        "CONSELHO SECCIONAL DO [ESTADO]",
        "IDENTIDADE DE ADVOGAD[A/O]",
        "Brasão da República"
      ],
      
      "campos_obrigatorios": {
        "numero_lateral": {
          "label": "Número (lateral)",
          "tipo": "numero",
          "posicao": "lateral_esquerda_vertical",
          "formato": "XXXXXX",
          "exemplo": "119389"
        },
        "nome": {
          "label": "NOME",
          "tipo": "texto",
          "formato": "maiusculo",
          "validacao": "^[A-ZÀ-Ú\\s]+$",
          "exemplo": "ELIVANIA ALMEIDA BRAGA DA SILVA"
        },
        "filiacao_pai": {
          "label": "Filiação - Pai",
          "tipo": "texto",
          "formato": "maiusculo",
          "exemplo": "JOSE OLIVEIRA BRITO BRAGA"
        },
        "filiacao_mae": {
          "label": "Filiação - Mãe",
          "tipo": "texto",
          "formato": "maiusculo",
          "exemplo": "ANELITA PEREIRA DE ALMEIDA BRAGA"
        },
        "naturalidade": {
          "label": "NATURALIDADE",
          "tipo": "texto_com_uf",
          "formato": "CIDADE - UF",
          "validacao": "[A-ZÀ-Ú\\s]+ - [A-Z]{2}",
          "exemplo": "MORPARA - BA"
        },
        "data_nascimento": {
          "label": "DATA DE NASCIMENTO",
          "tipo": "data",
          "formato": "DD/MM/AAAA",
          "validacao": "\\d{2}\\/\\d{2}\\/\\d{4}",
          "exemplo": "07/10/1968"
        },
        "rg": {
          "label": "RG",
          "tipo": "rg_com_orgao",
          "formato": "XXXXXXX, ÓRGÃO/UF",
          "validacao": "\\d{6,}, [A-Z]+/[A-Z]{2}",
          "exemplo": "7139259, SSP/DF"
        },
        "cpf": {
          "label": "CPF",
          "tipo": "cpf",
          "formato": "XXX.XXX.XXX-XX",
          "validacao": "\\d{3}\\.\\d{3}\\.\\d{3}-\\d{2}",
          "exemplo": "383.554.461-87"
        },
        "doador_orgaos": {
          "label": "DOADOR DE ÓRGÃOS E TECIDOS",
          "tipo": "booleano",
          "valores_possiveis": ["SIM", "NÃO"],
          "exemplo": "SIM"
        },
        "expedicao": {
          "label": "EXPEDIÇÃO",
          "tipo": "texto_data",
          "formato": "XX DD/MM/AAAA",
          "exemplo": "01 28/12/2017",
          "nota": "Primeiro número pode ser via de expedição"
        },
        "seccional": {
          "label": "Conselho Seccional",
          "tipo": "texto",
          "extrair_de": "cabecalho",
          "formato": "CONSELHO SECCIONAL DO [ESTADO]",
          "exemplo": "DISTRITO FEDERAL"
        }
      },
      
      "elementos_visuais": {
        "brasao_republica": {
          "posicao": "superior_esquerdo",
          "tipo": "brasao"
        },
        "assinatura_presidente": {
          "posicao": "inferior_centro",
          "label": "Assinatura do Presidente/Autoridade"
        }
      }
    },
    
    "regras_validacao": {
      "campos_essenciais_frente": ["numero_oab", "foto"],
      "campos_essenciais_verso": ["nome", "cpf", "data_nascimento", "rg"],
      "compatibilidade": {
        "numero_oab_frente": "deve_corresponder_numero_lateral_verso",
        "data_nascimento": "deve_ser_anterior_expedicao",
        "cpf": "deve_ser_valido",
        "rg": "deve_ter_orgao_emissor"
      }
    },
    
    "padroes_extracao": {
      "numero_oab": {
        "regex": [
          "^(\\d{6,8})$",
          "OAB[:\\s]*(\\d{6,8})"
        ],
        "posicao": "primeira_linha_numeros_ou_canto_superior"
      },
      "nome": {
        "regex": [
          "(?:NOME)[:\\s\\n]*([A-ZÀ-Ú\\s]{5,})",
          "^([A-ZÀ-Ú]{3,}(?:\\s+[A-ZÀ-Ú]{2,})+)$"
        ],
        "limpeza": ["NOME"]
      },
      "filiacao_pai": {
        "regex": [
          "^([A-ZÀ-Ú]{3,}(?:\\s+[A-ZÀ-Ú]{2,})+)$"
        ],
        "nota": "Primeira linha após campo NOME ou label explícito"
      },
      "filiacao_mae": {
        "regex": [
          "^([A-ZÀ-Ú]{3,}(?:\\s+[A-ZÀ-Ú]{2,})+)$"
        ],
        "nota": "Segunda linha após campo NOME"
      },
      "naturalidade": {
        "regex": [
          "(?:NATURALIDADE)[:\\s]*([A-ZÀ-Ú\\s]+ - [A-Z]{2})",
          "([A-ZÀ-Ú\\s]+)\\s*-\\s*([A-Z]{2})"
        ]
      },
      "data_nascimento": {
        "regex": [
          "(?:DATA DE NASCIMENTO)[:\\s]*(\\d{2}\\/\\d{2}\\/\\d{4})",
          "(\\d{2}\\/\\d{2}\\/\\d{4})"
        ]
      },
      "rg": {
        "regex": [
          "(\\d{6,}),?\\s*([A-Z]+/[A-Z]{2})",
          "RG[:\\s]*(\\d{6,})"
        ]
      },
      "cpf": {
        "regex": [
          "(?:CPF)[:\\s]*(\\d{3}\\.\\d{3}\\.\\d{3}-\\d{2})",
          "(\\d{3}\\.\\d{3}\\.\\d{3}-\\d{2})"
        ]
      },
      "doador_orgaos": {
        "regex": [
          "(?:DOADOR DE ÓRGÃOS)[:\\s]*(SIM|NÃO|NAO)"
        ]
      },
      "expedicao": {
        "regex": [
          "(?:EXPEDIÇÃO|EXPEDICAO)[:\\s]*(\\d{1,2}\\s+\\d{2}\\/\\d{2}\\/\\d{4})"
        ]
      },
      "seccional": {
        "regex": [
          "CONSELHO SECCIONAL DO ([A-ZÀ-Ú\\s]+)",
          "SECCIONAL ([A-Z]{2})"
        ]
      }
    },
    
    "exemplos_reais": {
      "status": "aprovado",
      "modelo_gabarito": "OAB_DF_frente_verso.jpg",
      "dados_extraidos": {
        "frente": {
          "numero_oab": "11994110"
        },
        "verso": {
          "numero_lateral": "119389",
          "nome": "ELIVANIA ALMEIDA BRAGA DA SILVA",
          "filiacao_pai": "JOSE OLIVEIRA BRITO BRAGA",
          "filiacao_mae": "ANELITA PEREIRA DE ALMEIDA BRAGA",
          "naturalidade": "MORPARA - BA",
          "data_nascimento": "07/10/1968",
          "rg": "7139259, SSP/DF",
          "cpf": "383.554.461-87",
          "doador_orgaos": "SIM",
          "expedicao": "01 28/12/2017",
          "seccional": "DISTRITO FEDERAL"
        }
      }
    },
    
    "notas": [
      "OAB é documento profissional com fé pública",
      "Serve como identidade civil em todo Brasil",
      "Padrão nacional - varia apenas a seccional (estado)",
      "Foto obrigatória na FRENTE",
      "Chip presente em modelos recentes",
      "Campo específico: Doador de Órgãos",
      "Número OAB aparece na frente E verso (formato diferente)",
      "Válido em todo território nacional",
      "Expedição pode ter número de via (01, 02, etc.)",
      "Conselho Seccional indica o estado de registro"
    ]
  },
  
  "CRECI": {
    "nome_completo": "Carteira de Identidade de Corretor de Imóveis - CRECI",
    "versao": "1.0",
    "ultima_atualizacao": "2025-11-15",
    "padrao": "REGIONAL",
    "observacao": "Organizado por regiões, serve como identidade civil (Lei 6.530/75)",
    
    "frente": {
      "identificadores_visuais": [
        "SERVIÇO PÚBLICO FEDERAL",
        "Conselho Federal de Corretores de Imóveis - COFECI",
        "Conselho Regional de Corretores de Imóveis - CRECI",
        "IDENTIDADE PROFISSIONAL",
        "Brasão da República"
      ],
      
      "campos_obrigatorios": {
        "numero_creci": {
          "label": "CRECI",
          "tipo": "numero",
          "formato": "XXXXXX",
          "exemplo": "999999"
        },
        "cnai": {
          "label": "Cadastro Nacional",
          "tipo": "numero",
          "formato": "CNAI XXXXXX",
          "exemplo": "CNAI 999990",
          "nota": "Cadastro Nacional de Auditores de Imóveis"
        },
        "nome": {
          "label": "Nome",
          "tipo": "texto",
          "formato": "maiusculo",
          "validacao": "^[A-ZÀ-Ú\\s]+$",
          "exemplo": "MONTEIRO LOBATO DA SILVA FILHO"
        },
        "foto": {
          "label": "Foto 3x4",
          "tipo": "imagem",
          "posicao": "direita",
          "detectavel": true,
          "obrigatorio": true
        },
        "validade": {
          "label": "Validade",
          "tipo": "data",
          "formato": "DD/MM/AAAA",
          "validacao": "\\d{2}\\/\\d{2}\\/\\d{4}",
          "exemplo": "30/04/2022"
        },
        "regiao": {
          "label": "Região",
          "tipo": "texto",
          "formato": "Xª Região",
          "exemplo": "2ª Região",
          "nota": "Indica estado: 2ª=SP, 1ª=RJ, etc"
        }
      },
      
      "elementos_visuais": {
        "brasao_republica": {
          "posicao": "superior_esquerdo",
          "tipo": "brasao"
        },
        "cor_fundo": "azul_degrade"
      }
    },
    
    "verso": {
      "identificadores_visuais": [
        "CRECI - Conselho Regional de Corretores de Imóveis",
        "VÁLIDA COMO IDENTIDADE CIVIL",
        "Lei nº 6.530, de 12/05/1975"
      ],
      
      "campos_obrigatorios": {
        "filiacao": {
          "label": "Filiação",
          "tipo": "texto",
          "formato": "maiusculo",
          "validacao": "^[A-ZÀ-Ú\\s]+$",
          "exemplo": "OLIMPIA AUGUSTA LOBATO",
          "nota": "Geralmente só mãe ou ambos"
        },
        "naturalidade": {
          "label": "Naturalidade",
          "tipo": "texto_com_uf",
          "formato": "CIDADE - UF",
          "validacao": "[A-ZÀ-Ú\\s]+ - [A-Z]{2}",
          "exemplo": "TAUBATÉ - SP"
        },
        "data_nascimento": {
          "label": "Data de Nascimento",
          "tipo": "data",
          "formato": "DD/MM/AAAA",
          "validacao": "\\d{2}\\/\\d{2}\\/\\d{4}",
          "exemplo": "31/12/1959"
        },
        "rg": {
          "label": "RG",
          "tipo": "rg_com_orgao",
          "formato": "XXXXXXXX-X ÓRGÃO - UF",
          "validacao": "\\d{7,}-\\d SSP - [A-Z]{2}",
          "exemplo": "12345678-0 SSP - SP"
        },
        "cpf": {
          "label": "CPF",
          "tipo": "cpf",
          "formato": "XXX.XXX.XXX-XX",
          "validacao": "\\d{3}\\.\\d{3}\\.\\d{3}-\\d{2}",
          "exemplo": "123.456.789-09"
        },
        "inscricao_creci": {
          "label": "Inscrição no CRECI",
          "tipo": "data",
          "formato": "DD/MM/AAAA",
          "validacao": "\\d{2}\\/\\d{2}\\/\\d{4}",
          "exemplo": "31/05/2021",
          "nota": "Data de registro no conselho"
        },
        "via": {
          "label": "Via",
          "tipo": "texto",
          "formato": "Xª via",
          "exemplo": "1ª via"
        }
      },
      
      "elementos_visuais": {
        "assinatura_titular": {
          "posicao": "inferior_esquerda",
          "label": "Assinatura do Titular"
        },
        "assinatura_autoridade": {
          "posicao": "inferior_direita",
          "label": "Assinatura Autoridade CRECI"
        }
      }
    },
    
    "regras_validacao": {
      "campos_essenciais_frente": ["numero_creci", "nome", "foto", "validade"],
      "campos_essenciais_verso": ["filiacao", "cpf", "data_nascimento", "rg"],
      "compatibilidade": {
        "data_nascimento": "deve_ser_anterior_inscricao",
        "validade": "deve_ser_posterior_inscricao",
        "cpf": "deve_ser_valido",
        "rg": "deve_ter_orgao_emissor"
      }
    },
    
    "padroes_extracao": {
      "numero_creci": {
        "regex": [
          "CRECI[:\\s]*(\\d{6})",
          "^(\\d{6})$"
        ]
      },
      "cnai": {
        "regex": [
          "CNAI[:\\s]*(\\d{6})",
          "Cadastro Nacional[:\\s]*(\\d{6})"
        ]
      },
      "nome": {
        "regex": [
          "^([A-ZÀ-Ú]{3,}(?:\\s+[A-ZÀ-Ú]{2,})+)$"
        ],
        "limpeza": ["NOME"]
      },
      "validade": {
        "regex": [
          "(\\d{2}\\/\\d{2}\\/\\d{4})"
        ]
      },
      "regiao": {
        "regex": [
          "(\\dª Região)",
          "CRECI (\\d)ª"
        ]
      },
      "filiacao": {
        "regex": [
          "(?:Filiação)[:\\s]*([A-ZÀ-Ú\\s]+)",
          "^([A-ZÀ-Ú]{3,}(?:\\s+[A-ZÀ-Ú]{2,})+)$"
        ]
      },
      "naturalidade": {
        "regex": [
          "(?:Naturalidade)[:\\s]*([A-ZÀ-Ú\\s]+ - [A-Z]{2})",
          "([A-ZÀ-Ú\\s]+)\\s*-\\s*([A-Z]{2})"
        ]
      },
      "data_nascimento": {
        "regex": [
          "(?:Data de Nascimento)[:\\s]*(\\d{2}\\/\\d{2}\\/\\d{4})"
        ]
      },
      "rg": {
        "regex": [
          "(\\d{7,}-\\d)\\s*([A-Z]+)\\s*-\\s*([A-Z]{2})"
        ]
      },
      "cpf": {
        "regex": [
          "(\\d{3}\\.\\d{3}\\.\\d{3}-\\d{2})"
        ]
      },
      "inscricao_creci": {
        "regex": [
          "(?:Inscrição no CRECI)[:\\s]*(\\d{2}\\/\\d{2}\\/\\d{4})",
          "Inscrição[:\\s]*(\\d{2}\\/\\d{2}\\/\\d{4})"
        ]
      }
    },
    
    "exemplos_reais": {
      "status": "aprovado",
      "modelo_gabarito": "CRECI_2Regiao_SP_frente_verso.jpg",
      "dados_extraidos": {
        "frente": {
          "numero_creci": "999999",
          "cnai": "999990",
          "nome": "MONTEIRO LOBATO DA SILVA FILHO",
          "validade": "30/04/2022",
          "regiao": "2ª Região"
        },
        "verso": {
          "filiacao": "OLIMPIA AUGUSTA LOBATO",
          "naturalidade": "TAUBATÉ - SP",
          "data_nascimento": "31/12/1959",
          "rg": "12345678-0 SSP - SP",
          "cpf": "123.456.789-09",
          "inscricao_creci": "31/05/2021",
          "via": "1ª via"
        }
      }
    },
    
    "notas": [
      "CRECI é documento profissional com validade civil (Lei 6.530/75)",
      "Serve como identidade em todo Brasil",
      "Organizado por regiões: 1ª=RJ, 2ª=SP, 3ª=MG, etc",
      "Foto obrigatória na FRENTE",
      "CNAI = Cadastro Nacional de Auditores de Imóveis",
      "Tem data de validade - precisa renovação",
      "Válido como documento de identidade civil",
      "Inscrição indica quando entrou no conselho",
      "Região determina estado de atuação",
      "Via indica se é original ou 2ª via"
    ]
  },
  
  "CREA": {
    "nome_completo": "Carteira de Identidade Profissional - CREA",
    "versao": "1.0",
    "ultima_atualizacao": "2025-11-15",
    "padrao": "REGIONAL",
    "observacao": "Conselho Regional de Engenharia e Agronomia - Lei 5.194/66 - Documento com validade civil em todo território nacional",
    
    "frente": {
      "identificadores_visuais": [
        "República Federativa do Brasil",
        "Conselho Federal de Engenharia e Agronomia",
        "Conselho Regional de Engenharia e Agronomia",
        "Carteira de Identidade Profissional",
        "CREA-XX"
      ],
      
      "campos_obrigatorios": {
        "numero_crea": {
          "descricao": "Número de registro profissional no CREA",
          "tipo": "numerico",
          "localizacao": "canto_superior_direito",
          "formato": "CREA-XX (onde XX é a sigla do estado)",
          "exemplo": "CREA-SP",
          "obrigatorio": true
        },
        "nome": {
          "descricao": "Nome completo do profissional",
          "tipo": "texto",
          "localizacao": "parte_superior",
          "formato": "MAIUSCULO",
          "campo_grande": true,
          "exemplo": "Nome",
          "obrigatorio": true
        },
        "nome_social": {
          "descricao": "Nome social do profissional (opcional)",
          "tipo": "texto",
          "localizacao": "abaixo_do_nome",
          "formato": "MAIUSCULO",
          "obrigatorio": false,
          "exemplo": "Nome Social"
        },
        "filiacao": {
          "descricao": "Nome dos pais (mãe e/ou pai)",
          "tipo": "texto",
          "localizacao": "meio_esquerdo",
          "formato": "texto",
          "exemplo": "Filiação",
          "obrigatorio": true
        },
        "nascimento": {
          "descricao": "Data de nascimento",
          "tipo": "data",
          "localizacao": "meio_esquerdo",
          "formato": "DD/MM/AAAA",
          "exemplo": "DD/MM/AAAA",
          "obrigatorio": true
        },
        "cpf": {
          "descricao": "Cadastro de Pessoa Física",
          "tipo": "cpf",
          "localizacao": "meio_esquerdo",
          "formato": "XXX.XXX.XXX-XX",
          "exemplo": "000.000.000-00",
          "obrigatorio": true
        },
        "doc_identidade": {
          "descricao": "Documento de Identidade (RG)",
          "tipo": "rg",
          "localizacao": "meio_esquerdo",
          "formato": "XX.XXX.XXX-X",
          "exemplo": "00.000.000-0",
          "obrigatorio": true
        },
        "naturalidade": {
          "descricao": "Local de nascimento",
          "tipo": "texto",
          "localizacao": "meio_esquerdo",
          "formato": "texto",
          "exemplo": "Naturalidade",
          "obrigatorio": true
        },
        "nacionalidade": {
          "descricao": "País de origem",
          "tipo": "texto",
          "localizacao": "meio_esquerdo",
          "formato": "texto",
          "exemplo": "Nacionalidade",
          "obrigatorio": true
        },
        "observacoes": {
          "descricao": "Observações adicionais",
          "tipo": "texto",
          "localizacao": "parte_inferior_esquerda",
          "formato": "texto",
          "obrigatorio": false,
          "exemplo": "Observações"
        },
        "foto": {
          "descricao": "Fotografia do profissional",
          "tipo": "imagem",
          "localizacao": "canto_superior_direito",
          "dimensoes": "aproximadamente 3x4cm",
          "obrigatorio": true
        },
        "assinatura": {
          "descricao": "Assinatura do profissional",
          "tipo": "assinatura",
          "localizacao": "parte_inferior",
          "campo_label": "Assinatura do Profissional",
          "obrigatorio": true
        }
      }
    },
    
    "verso": {
      "identificadores_visuais": [
        "Registro Crea-XX Nº",
        "Registro Nacional",
        "Data do Registro",
        "Data de Emissão",
        "Título Profissional",
        "Presidente do Confea",
        "Presidente do Crea-XX"
      ],
      
      "campos_obrigatorios": {
        "registro_crea_estadual": {
          "descricao": "Número de registro no CREA estadual",
          "tipo": "numerico",
          "localizacao": "parte_superior_esquerda",
          "campo_label": "Registro Crea-XX Nº",
          "formato": "numerico_10_digitos",
          "exemplo": "0000000000",
          "obrigatorio": true
        },
        "registro_nacional": {
          "descricao": "Número de registro nacional (único em todo Brasil)",
          "tipo": "numerico_com_verificador",
          "localizacao": "parte_superior_direita",
          "campo_label": "Registro Nacional",
          "formato": "0000000000-0",
          "exemplo": "0000000000-0",
          "obrigatorio": true
        },
        "data_registro": {
          "descricao": "Data de registro inicial no CREA",
          "tipo": "data",
          "localizacao": "meio_esquerdo",
          "campo_label": "Data do Registro",
          "formato": "DD/MM/AAAA",
          "exemplo": "DD/MM/AAAA",
          "obrigatorio": true
        },
        "data_emissao": {
          "descricao": "Data de emissão da carteira atual",
          "tipo": "data",
          "localizacao": "meio_direita",
          "campo_label": "Data de Emissão",
          "formato": "DD/MM/AAAA",
          "exemplo": "DD/MM/AAAA",
          "obrigatorio": true
        },
        "titulo_profissional": {
          "descricao": "Título profissional completo",
          "tipo": "texto",
          "localizacao": "meio_centro",
          "campo_label": "Título Profissional",
          "formato": "MAIUSCULO",
          "exemplos": [
            "ENGENHEIRO CIVIL",
            "ENGENHEIRO ELETRICISTA",
            "ENGENHEIRO MECÂNICO",
            "TÉCNICO EM EDIFICAÇÕES",
            "TÉCNICO EM ELETRÔNICA",
            "GEÓLOGO",
            "GEÓGRAFO",
            "METEOROLOGISTA"
          ],
          "obrigatorio": true
        },
        "chip_eletronico": {
          "descricao": "Chip para carteira digital/eletrônica",
          "tipo": "chip",
          "localizacao": "lado_esquerdo",
          "obrigatorio": true,
          "funcao": "Autenticação digital e validação eletrônica"
        },
        "qrcode": {
          "descricao": "QR Code para verificação online",
          "tipo": "qrcode",
          "localizacao": "parte_superior_direita",
          "obrigatorio": true,
          "funcao": "Consulta de autenticidade e dados profissionais"
        },
        "presidente_confea": {
          "descricao": "Nome do Presidente do Confea (nacional)",
          "tipo": "texto",
          "localizacao": "parte_inferior_esquerda",
          "campo_label": "Presidente do Confea",
          "obrigatorio": true
        },
        "assinatura_presidente_confea": {
          "descricao": "Assinatura do Presidente do Confea",
          "tipo": "assinatura",
          "localizacao": "parte_inferior_esquerda",
          "obrigatorio": true
        },
        "presidente_crea": {
          "descricao": "Nome do Presidente do CREA estadual",
          "tipo": "texto",
          "localizacao": "parte_inferior_direita",
          "campo_label": "Presidente do Crea-XX",
          "exemplo": "Nome Atual Presidente",
          "obrigatorio": true
        },
        "assinatura_presidente_crea": {
          "descricao": "Assinatura do Presidente do CREA estadual",
          "tipo": "assinatura",
          "localizacao": "parte_inferior_direita",
          "obrigatorio": true
        }
      },
      
      "campos_opcionais": {
        "visto_anual": {
          "descricao": "Campo para visto de anuidade",
          "tipo": "tabela_vistos",
          "anos": "multiplos",
          "obrigatorio": false,
          "nota": "Alguns CREAs usam sistema digital de validação"
        },
        "atribuicoes": {
          "descricao": "Atribuições profissionais detalhadas",
          "tipo": "texto_verso_ou_documento_separado",
          "obrigatorio": false,
          "nota": "Pode estar em documento separado ou consultável via QR Code"
        }
      }
    },
    
    "padroes_extracao": {
      "crea_numero": {
        "regex": [
          "CREA-([A-Z]{2})",
          "CREA\\s*-?\\s*([A-Z]{2})",
          "Conselho Regional.*?CREA-([A-Z]{2})"
        ]
      },
      "registro_estadual": {
        "regex": [
          "Registro Crea-[A-Z]{2}\\s+N[°º]\\s*(\\d{10})",
          "Registro.*?N[°º]\\s*(\\d{10})",
          "(\\d{10})"
        ]
      },
      "registro_nacional": {
        "regex": [
          "Registro Nacional[:\\s]*(\\d{10}-\\d)",
          "(\\d{10}-\\d)",
          "Nacional[:\\s]*(\\d{10}-\\d)"
        ]
      },
      "data_registro": {
        "regex": [
          "Data do Registro[:\\s]*(\\d{2}\\/\\d{2}\\/\\d{4})",
          "Registro[:\\s]*(\\d{2}\\/\\d{2}\\/\\d{4})"
        ]
      },
      "data_emissao": {
        "regex": [
          "Data de Emissão[:\\s]*(\\d{2}\\/\\d{2}\\/\\d{4})",
          "Emissão[:\\s]*(\\d{2}\\/\\d{2}\\/\\d{4})"
        ]
      },
      "titulo_profissional": {
        "regex": [
          "Título Profissional[:\\s]+([A-ZÀ-Ú\\s]+)",
          "ENGENHEIRO\\s+([A-ZÀ-Ú\\s]+)",
          "TÉCNICO\\s+(?:EM\\s+)?([A-ZÀ-Ú\\s]+)",
          "(GEÓLOGO|GEÓGRAFO|METEOROLOGISTA)"
        ]
      },
      "nome": {
        "regex": [
          "^([A-ZÀ-Ú\\s]{10,})$",
          "Nome[:\\s]+([A-ZÀ-Ú\\s]+)"
        ],
        "validacao": "minimo_3_palavras"
      },
      "filiacao": {
        "regex": [
          "Filiação[:\\s]+([A-Za-zÀ-ú\\s]+)",
          "(?:Mãe|Pai)[:\\s]+([A-Za-zÀ-ú\\s]+)"
        ]
      },
      "nascimento": {
        "regex": [
          "Nascimento[:\\s]*(\\d{2}\\/\\d{2}\\/\\d{4})",
          "(\\d{2}\\/\\d{2}\\/\\d{4})"
        ]
      },
      "cpf": {
        "regex": [
          "CPF[:\\s]*(\\d{3}\\.\\d{3}\\.\\d{3}-\\d{2})",
          "(\\d{3}\\.\\d{3}\\.\\d{3}-\\d{2})"
        ]
      },
      "rg": {
        "regex": [
          "(?:Doc\\.?\\s*de\\s*Identidade|RG)[:\\s]*(\\d{2}\\.\\d{3}\\.\\d{3}-\\d)",
          "(\\d{2}\\.\\d{3}\\.\\d{3}-\\d)"
        ]
      },
      "naturalidade": {
        "regex": [
          "Naturalidade[:\\s]+([A-Za-zÀ-ú\\s\\-]+)",
          "Natural de[:\\s]+([A-Za-zÀ-ú\\s\\-]+)"
        ]
      },
      "nacionalidade": {
        "regex": [
          "Nacionalidade[:\\s]+([A-Za-zÀ-ú]+)",
          "Nacionalidade[:\\s]+([A-Z]+)"
        ]
      }
    },
    
    "regras_validacao": {
      "campos_essenciais": [
        "nome",
        "cpf",
        "nascimento",
        "crea_numero",
        "registro_estadual",
        "registro_nacional",
        "titulo_profissional"
      ],
      "compatibilidade": {
        "serve_como_identidade": true,
        "valido_todo_brasil": true,
        "precisa_visto_anual": true,
        "tem_chip_eletronico": true,
        "tem_qrcode_validacao": true
      },
      "validacao_especial": {
        "registro_nacional": "10 dígitos + 1 dígito verificador",
        "registro_estadual": "10 dígitos numéricos",
        "titulo_valido": [
          "ENGENHEIRO CIVIL",
          "ENGENHEIRO ELETRICISTA",
          "ENGENHEIRO MECÂNICO",
          "ENGENHEIRO QUÍMICO",
          "ENGENHEIRO DE PRODUÇÃO",
          "TÉCNICO EM EDIFICAÇÕES",
          "TÉCNICO EM ELETRÔNICA",
          "TÉCNICO EM MECÂNICA",
          "GEÓLOGO",
          "GEÓGRAFO",
          "METEOROLOGISTA"
        ]
      }
    },
    
    "exemplos_reais": {
      "status": "completo",
      "modelo_gabarito": "CREA_frente_verso.jpg",
      "dados_extraidos": {
        "frente": {
          "crea": "CREA-XX",
          "nome": "Nome",
          "nome_social": "Nome Social",
          "filiacao": "Filiação",
          "nascimento": "DD/MM/AAAA",
          "cpf": "000.000.000-00",
          "doc_identidade": "00.000.000-0",
          "naturalidade": "Naturalidade",
          "nacionalidade": "Nacionalidade"
        },
        "verso": {
          "registro_crea_estadual": "0000000000",
          "registro_nacional": "0000000000-0",
          "data_registro": "DD/MM/AAAA",
          "data_emissao": "DD/MM/AAAA",
          "titulo_profissional": "Título Profissional",
          "tem_chip": true,
          "tem_qrcode": true,
          "presidente_confea": "Nome Atual Presidente",
          "presidente_crea": "Nome Atual Presidente"
        }
      }
    },
    
    "notas": [
      "CREA é documento profissional de Engenheiros, Geólogos, Geógrafos, Meteorologistas, Técnicos Industriais e Agrícolas",
      "Regulamentado pela Lei 5.194/66",
      "Serve como identidade civil em todo território nacional",
      "Organizado por estados (CREA-SP, CREA-RJ, CREA-MG, etc)",
      "Foto obrigatória na FRENTE do documento",
      "Nome Social é campo opcional desde 2016",
      "Precisa de visto anual para manter validade (anuidade)",
      "Atribuições profissionais variam conforme formação (Civil, Elétrico, Mecânico, etc)",
      "Documento tem VERSO com informações detalhadas sobre registro e atribuições",
      "Engenheiros têm atribuições diferentes de Técnicos (níveis de formação)",
      "REGISTRO ESTADUAL: 10 dígitos numéricos do CREA regional",
      "REGISTRO NACIONAL: 10 dígitos + 1 verificador (único em todo Brasil)",
      "Chip eletrônico permite validação digital da carteira",
      "QR Code no verso permite consulta online de autenticidade e dados profissionais",
      "Data de Registro é quando o profissional se registrou pela primeira vez",
      "Data de Emissão é quando esta carteira específica foi emitida (pode ter várias emissões)",
      "Presidente do CONFEA e Presidente do CREA assinam o documento (nacional + estadual)",
      "Título Profissional indica a formação: Engenheiro (nível superior) ou Técnico (nível médio)",
      "Documento válido para exercício profissional e identificação civil",
      "Sistema de visto anual pode ser físico (carimbo) ou digital (consulta online)"
    ]
  },
  
  "CRC": {
    "nome_completo": "Carteira de Identidade Profissional - CRC",
    "versao": "1.0",
    "ultima_atualizacao": "2025-11-15",
    "padrao": "REGIONAL",
    "observacao": "Conselho Regional de Contabilidade - Decreto-Lei 9.295/46 - Documento com validade civil em todo território nacional",
    
    "frente": {
      "identificadores_visuais": [
        "REPÚBLICA FEDERATIVA DO BRASIL",
        "CARTEIRA DE IDENTIDADE PROFISSIONAL",
        "CONSELHO REGIONAL DE CONTABILIDADE",
        "DO ESTADO"
      ],
      
      "campos_obrigatorios": {
        "estado": {
          "descricao": "Estado do CRC (Paraná, São Paulo, Rio de Janeiro, etc)",
          "tipo": "texto",
          "localizacao": "parte_superior",
          "formato": "texto_completo",
          "exemplo": "PARANÁ",
          "obrigatorio": true
        },
        "categoria": {
          "descricao": "Categoria profissional (Contador, Técnico em Contabilidade)",
          "tipo": "texto",
          "localizacao": "meio_superior_esquerdo",
          "formato": "MAIUSCULO",
          "valores_permitidos": [
            "CONTADOR",
            "TÉCNICO EM CONTABILIDADE",
            "TÉCNICO CONTÁBIL"
          ],
          "exemplo": "XXXXXXXXXXXXXXXXXXXXXXX",
          "obrigatorio": true
        },
        "numero_registro": {
          "descricao": "Número de registro no CRC",
          "tipo": "alfanumerico",
          "localizacao": "meio_superior_direito",
          "campo_label": "Nº DO REGISTRO",
          "formato": "alfanumerico",
          "exemplo": "XXXXXXXXXXXXXX",
          "obrigatorio": true
        },
        "nome": {
          "descricao": "Nome completo do profissional",
          "tipo": "texto",
          "localizacao": "meio_esquerdo",
          "campo_label": "NOME",
          "formato": "multiplas_linhas",
          "exemplo": "XXXXXXXXXXXXXXXXXXXXXXX\nXXXXXXXXXXXXXXXXXXXXXXX\nXXXXXXXXXXXXXXXXXXXXXXX",
          "obrigatorio": true
        },
        "filiacao": {
          "descricao": "Nome dos pais (mãe e/ou pai)",
          "tipo": "texto",
          "localizacao": "meio_inferior_esquerdo",
          "campo_label": "FILIAÇÃO",
          "formato": "multiplas_linhas",
          "exemplo": "XXXXXXXXXXXXXXXXXXXXXXX\nXXXXXXXXXXXXXXXXXXXXXXX\nXXXXXXXXXXXXXXXXXXXXXXX\nXXXXXXXXXXXXXXXXXXXXXXX",
          "obrigatorio": true
        },
        "chip_eletronico": {
          "descricao": "Chip eletrônico para validação digital",
          "tipo": "chip",
          "localizacao": "lado_esquerdo",
          "obrigatorio": true,
          "funcao": "Autenticação digital e validação eletrônica"
        },
        "foto": {
          "descricao": "Fotografia do profissional",
          "tipo": "imagem",
          "localizacao": "lado_direito",
          "dimensoes": "aproximadamente 3x4cm",
          "obrigatorio": true
        },
        "assinatura": {
          "descricao": "Assinatura do profissional",
          "tipo": "assinatura",
          "localizacao": "parte_inferior",
          "campo_label": "ASSINATURA DO PROFISSIONAL",
          "obrigatorio": true
        }
      }
    },
    
    "verso": {
      "identificadores_visuais": [
        "NASCIMENTO",
        "NACIONALIDADE",
        "NATURALIDADE",
        "RG",
        "CPF",
        "ÓRGÃO EXPEDIDOR",
        "TÍTULO",
        "DATA DE EXPEDIÇÃO",
        "PRESIDENTE DO CRC",
        "CFC",
        "Decreto-Lei nº 9.295/46",
        "Lei nº 5.026/75",
        "VÁLIDA EM TODO TERRITÓRIO NACIONAL"
      ],
      
      "campos_obrigatorios": {
        "nascimento": {
          "descricao": "Data de nascimento",
          "tipo": "data",
          "localizacao": "parte_superior_esquerda",
          "campo_label": "NASCIMENTO",
          "formato": "DD/MM/AAAA ou XXXXXXXXXX",
          "exemplo": "XXXXXXXXXX",
          "obrigatorio": true
        },
        "nacionalidade": {
          "descricao": "Nacionalidade do profissional",
          "tipo": "texto",
          "localizacao": "parte_superior_centro",
          "campo_label": "NACIONALIDADE",
          "formato": "texto",
          "exemplo": "XXXXXXXXXXXXX",
          "valores_comuns": ["BRASILEIRA", "BRASILEIRO"],
          "obrigatorio": true
        },
        "naturalidade": {
          "descricao": "Local de nascimento",
          "tipo": "texto",
          "localizacao": "parte_superior_direita",
          "campo_label": "NATURALIDADE",
          "formato": "texto_longo",
          "exemplo": "XXXXXXXXXXXXXXXXXXXXXXXXXXXXXX",
          "obrigatorio": true
        },
        "rg": {
          "descricao": "Registro Geral",
          "tipo": "rg",
          "localizacao": "meio_esquerdo",
          "campo_label": "RG",
          "formato": "XX/XXXXXX ou XX.XXX.XXX-X",
          "exemplo": "00/000000",
          "obrigatorio": true
        },
        "cpf": {
          "descricao": "Cadastro de Pessoa Física",
          "tipo": "cpf",
          "localizacao": "meio_centro",
          "campo_label": "CPF",
          "formato": "XXX.XXX.XXX-XX ou XXXXXXXXXXXXXXX",
          "exemplo": "XXXXXXXXXXXXXXX",
          "obrigatorio": true
        },
        "orgao_expedidor": {
          "descricao": "Órgão expedidor do RG",
          "tipo": "texto",
          "localizacao": "meio_direito",
          "campo_label": "ÓRGÃO EXPEDIDOR",
          "formato": "texto",
          "exemplo": "XXXXXXXXXXXXXXXXXXXXX",
          "valores_comuns": ["SSP", "SSP/PR", "SSP/SP", "IFP", "DETRAN"],
          "obrigatorio": true
        },
        "titulo": {
          "descricao": "Título profissional expedido ou provisionado",
          "tipo": "texto",
          "localizacao": "meio_esquerdo",
          "campo_label": "TÍTULO",
          "formato": "texto_descritivo",
          "exemplo": "TÍTULO EXPEDIDO (OU SEO PROVISIONADO)",
          "obrigatorio": true
        },
        "digital": {
          "descricao": "Impressão digital do profissional",
          "tipo": "impressao_digital",
          "localizacao": "lado_esquerdo_inferior",
          "obrigatorio": true,
          "funcao": "Identificação biométrica"
        },
        "logo_cfc": {
          "descricao": "Logo do Conselho Federal de Contabilidade",
          "tipo": "logo",
          "localizacao": "centro",
          "obrigatorio": true
        },
        "data_expedicao": {
          "descricao": "Data de expedição da carteira",
          "tipo": "data",
          "localizacao": "parte_inferior_direita",
          "campo_label": "DATA DE EXPEDIÇÃO",
          "formato": "DD/MM/AAAA",
          "exemplo": "00/00/0000",
          "obrigatorio": true
        },
        "presidente_crc": {
          "descricao": "Assinatura do Presidente do CRC",
          "tipo": "assinatura",
          "localizacao": "parte_inferior_centro",
          "campo_label": "PRESIDENTE DO CRC",
          "obrigatorio": true
        },
        "texto_legal": {
          "descricao": "Texto legal sobre validade do documento",
          "tipo": "texto_informativo",
          "localizacao": "meio_esquerdo",
          "conteudo": "Esta carteira tem fé pública como documento de identidade, nos termos do art. 1º do Decreto-Lei nº 9.295/46, c/c art. 1º da Lei nº 5.026/75",
          "obrigatorio": true
        },
        "marca_dagua": {
          "descricao": "Marca d'água de validade",
          "tipo": "marca_dagua",
          "localizacao": "lado_direito",
          "conteudo": "VÁLIDA EM TODO TERRITÓRIO NACIONAL",
          "obrigatorio": true
        }
      }
    },
    
    "padroes_extracao": {
      "estado": {
        "regex": [
          "DO ESTADO\\s+([A-ZÀ-Ú\\s]+)",
          "CRC/([A-Z]{2})",
          "CONSELHO REGIONAL.*?DO ESTADO\\s+([A-ZÀ-Ú]+)"
        ]
      },
      "categoria": {
        "regex": [
          "CATEGORIA[:\\s]+(CONTADOR|TÉCNICO EM CONTABILIDADE|TÉCNICO CONTÁBIL)",
          "(CONTADOR|TÉCNICO EM CONTABILIDADE|TÉCNICO CONTÁBIL)"
        ]
      },
      "numero_registro": {
        "regex": [
          "N[°º]\\s*DO REGISTRO[:\\s]+([A-Z0-9/-]+)",
          "Registro[:\\s]+([A-Z0-9/-]+)",
          "CRC/[A-Z]{2}\\s+([0-9/O-]+)"
        ]
      },
      "nome": {
        "regex": [
          "NOME[:\\s]+([A-ZÀ-Ú\\s]+)",
          "^([A-ZÀ-Ú\\s]{10,})$"
        ],
        "validacao": "minimo_3_palavras"
      },
      "filiacao": {
        "regex": [
          "FILIAÇÃO[:\\s]+([A-Za-zÀ-ú\\s]+)",
          "(?:Mãe|Pai)[:\\s]+([A-Za-zÀ-ú\\s]+)"
        ]
      },
      "cpf": {
        "regex": [
          "CPF[:\\s]*(\\d{3}\\.\\d{3}\\.\\d{3}-\\d{2})",
          "(\\d{3}\\.\\d{3}\\.\\d{3}-\\d{2})"
        ]
      },
      "rg": {
        "regex": [
          "RG[:\\s]*(\\d{1,2}\\.\\d{3}\\.\\d{3}-\\d)",
          "(\\d{1,2}\\.\\d{3}\\.\\d{3}-\\d)"
        ]
      },
      "data_nascimento": {
        "regex": [
          "NASCIMENTO[:\\s]*(\\d{2}/\\d{2}/\\d{4})",
          "(?:Nascimento|Data de Nascimento)[:\\s]*(\\d{2}/\\d{2}/\\d{4})",
          "(\\d{2}/\\d{2}/\\d{4})"
        ]
      },
      "nacionalidade": {
        "regex": [
          "NACIONALIDADE[:\\s]+([A-ZÀ-Ú]+)",
          "(BRASILEIRA|BRASILEIRO|ESTRANGEIRA|ESTRANGEIRO)"
        ]
      },
      "orgao_expedidor": {
        "regex": [
          "ÓRGÃO EXPEDIDOR[:\\s]+([A-Z0-9/\\s]+)",
          "(?:SSP|IFP|DETRAN)[/\\s]*([A-Z]{2})?",
          "(SSP|IFP|DETRAN|PC)"
        ]
      },
      "data_expedicao": {
        "regex": [
          "DATA DE EXPEDIÇÃO[:\\s]*(\\d{2}/\\d{2}/\\d{4})",
          "Expedição[:\\s]*(\\d{2}/\\d{2}/\\d{4})",
          "(\\d{2}/\\d{2}/\\d{4})"
        ]
      },
      "titulo_profissional": {
        "regex": [
          "TÍTULO[:\\s]+([A-ZÀ-Ú\\s()]+)",
          "TÍTULO EXPEDIDO",
          "PROVISIONADO"
        ]
      }
    },
    
    "regras_validacao": {
      "campos_essenciais": [
        "nome",
        "numero_registro",
        "categoria",
        "estado",
        "cpf",
        "rg",
        "data_nascimento",
        "naturalidade"
      ],
      "compatibilidade": {
        "serve_como_identidade": true,
        "valido_todo_brasil": true,
        "precisa_anuidade": true,
        "tem_chip_eletronico": true,
        "tem_impressao_digital": true,
        "fe_publica": true
      },
      "validacao_especial": {
        "categoria_valida": [
          "CONTADOR",
          "TÉCNICO EM CONTABILIDADE",
          "TÉCNICO CONTÁBIL"
        ],
        "registro_formato": "CRC/UF XXXXXX/O-X ou alfanumérico",
        "base_legal": "Decreto-Lei nº 9.295/46 e Lei nº 5.026/75"
      }
    },
    
    "exemplos_reais": {
      "status": "completo",
      "modelo_gabarito": "CRC_frente_verso.jpg",
      "dados_extraidos": {
        "frente": {
          "estado": "PARANÁ",
          "categoria": "XXXXXXXXXXXXXXXXXXXXXXX",
          "numero_registro": "XXXXXXXXXXXXXX",
          "nome": "XXXXXXXXXXXXXXXXXXXXXXX (múltiplas linhas)",
          "filiacao": "XXXXXXXXXXXXXXXXXXXXXXX (múltiplas linhas)",
          "tem_chip": true,
          "tem_foto": true
        },
        "verso": {
          "nascimento": "XXXXXXXXXX",
          "nacionalidade": "XXXXXXXXXXXXX",
          "naturalidade": "XXXXXXXXXXXXXXXXXXXXXXXXXXXXXX",
          "rg": "00/000000",
          "cpf": "XXXXXXXXXXXXXXX",
          "orgao_expedidor": "XXXXXXXXXXXXXXXXXXXXX",
          "titulo": "TÍTULO EXPEDIDO (OU SEO PROVISIONADO)",
          "data_expedicao": "00/00/0000",
          "tem_digital": true,
          "tem_logo_cfc": true,
          "presidente_crc": "assinatura presente",
          "texto_legal": "Decreto-Lei nº 9.295/46, c/c Lei nº 5.026/75"
        }
      }
    },
    
    "notas": [
      "CRC é documento profissional de Contadores e Técnicos em Contabilidade",
      "Regulamentado pelo Decreto-Lei 9.295/46",
      "Serve como identidade civil em todo território nacional",
      "Organizado por estados (CRC/SP, CRC/RJ, CRC/PR, etc)",
      "Foto obrigatória na FRENTE do documento",
      "Chip eletrônico para autenticação digital",
      "CATEGORIA pode ser: Contador (nível superior) ou Técnico em Contabilidade (nível médio)",
      "Número de registro é único por estado (CRC/UF)",
      "Precisa de anuidade em dia para exercer a profissão",
      "Documento válido para exercício profissional e identificação civil",
      "Filiação aparece em campo grande na frente",
      "Contador tem formação em Ciências Contábeis (curso superior)",
      "Técnico em Contabilidade tem formação técnica (curso técnico)",
      "Precisa estar em dia com o CFC (Conselho Federal de Contabilidade)",
      "Documento pode ter múltiplas emissões (2ª via, etc)",
      "Sistema de validação digital através do chip",
      "Presidente do CRC regional assina o documento",
      "Formato do registro: CRC/UF NÚMERO/O-DÍGITO (exemplo: CRC/SP 123456/O-1)",
      "Documento emitido pelo conselho regional do estado de atuação profissional",
      "TEM FÉ PÚBLICA como documento de identidade (art. 1º Decreto-Lei 9.295/46)",
      "Lei nº 5.026/75 complementa a validade como identidade civil",
      "VERSO contém impressão digital do profissional",
      "Logo do CFC (Conselho Federal de Contabilidade) no verso",
      "Marca d'água 'VÁLIDA EM TODO TERRITÓRIO NACIONAL' no verso",
      "TÍTULO pode ser EXPEDIDO (definitivo) ou PROVISIONADO (temporário)",
      "Data de Expedição no verso indica quando a carteira foi emitida",
      "RG no verso pode ter formatos variados (XX/XXXXXX ou XX.XXX.XXX-X)",
      "CPF obrigatório para registro profissional",
      "Órgão Expedidor indica qual órgão emitiu o RG (SSP, IFP, DETRAN, etc)",
      "Impressão digital serve como identificação biométrica adicional"
    ]
  }
}
